{"cameraMode":{"drawMode":0,"name":"Shaded","section":"Shading Mode"},"sceneLighting":true,"audioPlay":false,"sceneViewState":{"m_AlwaysRefresh":false,"showFog":true,"showSkybox":true,"showFlares":true,"showImageEffects":true,"showParticleSystems":true,"showVisualEffectGraphs":true,"m_FxEnabled":true},"in2DMode":false,"pivot":{"x":-0.253337025642395,"y":-0.12354481220245362,"z":-0.3785710334777832},"rotation":{"x":-0.5831663608551025,"y":0.018758470192551614,"z":-0.013472341001033783,"w":-0.8120281100273132},"size":4.134704113006592,"orthographic":false}