{"cameraMode":{"drawMode":0,"name":"Shaded","section":"Shading Mode"},"sceneLighting":true,"audioPlay":false,"sceneViewState":{"m_AlwaysRefresh":false,"showFog":true,"showSkybox":true,"showFlares":true,"showImageEffects":true,"showParticleSystems":true,"showVisualEffectGraphs":true,"m_FxEnabled":true},"in2DMode":false,"pivot":{"x":-10.086286544799805,"y":93.74942779541016,"z":5.562159538269043},"rotation":{"x":0.24612689018249513,"y":0.27222713828086855,"z":-0.07222544401884079,"w":0.9274404644966126},"size":15.109151840209961,"orthographic":false}