{"cameraMode":{"drawMode":0,"name":"Shaded","section":"Shading Mode"},"sceneLighting":false,"audioPlay":false,"sceneViewState":{"m_AlwaysRefresh":false,"showFog":true,"showSkybox":true,"showFlares":true,"showImageEffects":true,"showParticleSystems":true,"showVisualEffectGraphs":true,"m_FxEnabled":true},"in2DMode":false,"pivot":{"x":81.97578430175781,"y":12.979423522949219,"z":53.30247116088867},"rotation":{"x":0.49809134006500246,"y":0.002601523185148835,"z":-0.0014946172013878823,"w":0.8671219944953919},"size":2.0388050079345705,"orthographic":false}