{"cameraMode":{"drawMode":0,"name":"Shaded","section":"Shading Mode"},"sceneLighting":false,"audioPlay":false,"sceneViewState":{"m_AlwaysRefresh":false,"showFog":true,"showSkybox":false,"showFlares":true,"showImageEffects":true,"showParticleSystems":true,"showVisualEffectGraphs":true,"m_FxEnabled":true},"in2DMode":false,"pivot":{"x":2.0522356033325197,"y":0.10000000149011612,"z":-1.4227707386016846},"rotation":{"x":0.2700258493423462,"y":-0.11376859247684479,"z":0.03214897960424423,"w":0.9555790424346924},"size":1.0064418315887452,"orthographic":false}